1556427600,3.6042666666666667,0.034666666666666665,0,3,4
1556427660,4.183466666666667,0.034666666666666665,0,3,4
1556427720,7.260266666666666,0.034666666666666665,0,4,5
1556427780,3.5538666666666665,0.034666666666666665,0,3,4
1556427840,3.611466666666667,0.034666666666666665,0,3,4
1556427900,3.5538666666666665,0.034666666666666665,0,3,4
1556427960,3.5845333333333333,0.022933333333333333,0,3,4
1556428020,3.7458666666666667,0.034666666666666665,0,4,5
1556428080,3.570666666666667,0.034666666666666665,0,3,4
1556428140,3.5538666666666665,0.04973333333333333,0,3,4
1556428200,3.5370666666666666,0.034666666666666665,0,3,4
1556428260,3.7825333333333333,0.034666666666666665,0,3,4
1556428320,7.1564,0.034666666666666665,0,4,5
1556428380,3.6042666666666667,0.034666666666666665,0,3,4
1556428440,3.570666666666667,0.034666666666666665,0,3,4
1556428500,3.587466666666667,0.034666666666666665,0,3,4
1556428560,3.5778666666666665,0.034666666666666665,0,3,4
1556428620,3.712266666666667,0.034666666666666665,0,4,5
1556428680,3.5202666666666667,0.034666666666666665,0,3,4
1556428740,3.570666666666667,0.04973333333333333,0,3,4
1556428800,3.570666666666667,0.034666666666666665,0,3,4
1556428860,7.125866666666667,0.034666666666666665,0,3,4
1556428920,3.6618666666666666,0.034666666666666665,0,4,5
1556428980,3.5538666666666665,0.034666666666666665,0,3,4
1556429040,3.570666666666667,0.034666666666666665,0,3,4
1556429100,3.5778666666666665,0.034666666666666665,0,3,4
1556429160,3.570666666666667,0.034666666666666665,0,3,4
1556429220,3.6858666666666666,0.034666666666666665,0,4,5
1556429280,3.587466666666667,0.04586666666666667,0,3,4
1556429340,3.587466666666667,0.06093333333333333,0,3,4
1556429400,7.142666666666667,0.04586666666666667,0,3,4
1556429460,3.5538666666666665,0.04586666666666667,0,3,4
1556429520,3.5538666666666665,0.04586666666666667,0,3,4
1556429580,3.712266666666667,0.05706666666666667,0,4,5
1556429640,3.5538666666666665,0.04586666666666667,0,3,4
1556429700,3.6378666666666666,0.04586666666666667,0,3,4
1556429760,3.5538666666666665,0.04586666666666667,0,3,4
1556429820,3.5778666666666665,0.04586666666666667,0,3,4
1556429880,3.7026666666666666,0.04586666666666667,0,4,5
1556429940,3.8937333333333335,0.04973333333333333,0,3,4
1556430000,6.8028,0.034666666666666665,0,3,4
1556430060,3.570666666666667,0.034666666666666665,0,3,4
1556430120,3.5778666666666665,0.034666666666666665,0,3,4
1556430180,3.736266666666667,0.034666666666666665,0,4,5
1556430240,3.5538666666666665,0.034666666666666665,0,3,4
1556430300,3.5778666666666665,0.04586666666666667,0,3,4
1556430360,3.5538666666666665,0.04586666666666667,0,3,4
1556430420,3.5202666666666667,0.04586666666666667,0,3,4
1556430480,4.318133333333333,1.6918666666666666,0,7,8
1556430540,7.2532,0.8357333333333333,0,5,6
1556430600,3.5610666666666666,0.034666666666666665,0,3,4
1556430660,3.587466666666667,0.034666666666666665,0,3,4
1556430720,3.6210666666666667,0.034666666666666665,0,3,4
1556430780,3.712266666666667,0.034666666666666665,0,4,5
1556430840,3.5778666666666665,0.034666666666666665,0,3,4
1556430900,3.570666666666667,0.034666666666666665,0,3,4
1556430960,3.5538666666666665,0.034666666666666665,0,3,4
1556431020,3.5610666666666666,0.034666666666666665,0,3,4
1556431080,4.011333333333333,0.034666666666666665,0,4,5
1556431140,6.7596,0.04973333333333333,0,3,4
1556431200,3.5778666666666665,0.034666666666666665,0,3,4
1556431260,3.6042666666666667,0.034666666666666665,0,3,4
1556431320,3.5442666666666667,0.034666666666666665,0,3,4
1556431380,3.6954666666666665,0.034666666666666665,0,4,5
1556431440,3.5202666666666667,0.034666666666666665,0,3,4
1556431500,3.570666666666667,0.034666666666666665,0,3,4
1556431560,3.5778666666666665,0.034666666666666665,0,3,4
1556431620,3.6528,0.034666666666666665,0,3,4
1556431680,7.094133333333334,0.034666666666666665,0,4,5
1556431740,3.5538666666666665,0.04973333333333333,0,3,4
1556431800,3.5538666666666665,0.034666666666666665,0,3,4
1556431860,3.5538666666666665,0.034666666666666665,0,3,4
1556431920,3.6210666666666667,0.034666666666666665,0,3,4
1556431980,3.6618666666666666,0.034666666666666665,0,4,5
1556432040,3.5946666666666665,0.034666666666666665,0,3,4
1556432100,3.6378666666666666,0.034666666666666665,0,3,4
1556432160,3.5370666666666666,0.034666666666666665,0,3,4
1556432220,7.101866666666667,0.034666666666666665,0,3,4
1556432280,3.6954666666666665,0.034666666666666665,0,4,5
1556432340,3.5538666666666665,0.04973333333333333,0,3,4
1556432400,3.570666666666667,0.034666666666666665,0,3,4
1556432460,3.5946666666666665,0.034666666666666665,0,3,4
1556432520,3.6042666666666667,0.034666666666666665,0,3,4
1556432580,3.7290666666666668,0.034666666666666665,0,4,5
1556432640,3.6378666666666666,0.034666666666666665,0,3,4
1556432700,3.570666666666667,0.04586666666666667,0,3,4
1556432760,3.7993333333333332,0.04586666666666667,0,3,4
1556432820,6.9572,0.04586666666666667,0,3,4
1556432880,3.6618666666666666,0.04586666666666667,0,4,5
1556432940,3.611466666666667,0.04973333333333333,0,3,4
1556433000,3.5778666666666665,0.023466666666666667,0,3,4
1556433060,3.5538666666666665,0.034666666666666665,0,3,4
1556433120,3.5538666666666665,0.034666666666666665,0,3,4
1556433180,3.6954666666666665,0.034666666666666665,0,4,5
1556433240,3.5946666666666665,0.034666666666666665,0,3,4
1556433300,3.6378666666666666,0.04586666666666667,0,3,4
1556433360,7.101866666666667,0.04586666666666667,0,3,4
1556433420,3.5538666666666665,0.04586666666666667,0,3,4
1556433480,3.6954666666666665,0.04586666666666667,0,4,5
1556433540,3.6210666666666667,0.04973333333333333,0,3,4
1556433600,3.5610666666666666,0.034666666666666665,0,3,4
1556433660,3.587466666666667,0.034666666666666665,0,3,4
1556433720,3.587466666666667,0.034666666666666665,0,3,4
1556433780,3.7458666666666667,0.034666666666666665,0,4,5
1556433840,3.587466666666667,0.034666666666666665,0,3,4
1556433900,3.9265333333333334,0.04586666666666667,0,3,4
1556433960,7.426,0.04586666666666667,0,3,4
1556434020,3.6042666666666667,0.04586666666666667,0,3,4
1556434080,3.7378666666666667,0.0576,0,4,5
1556434140,3.587466666666667,0.04973333333333333,0,3,4
1556434200,3.6282666666666668,0.034666666666666665,0,3,4
1556434260,3.611466666666667,0.034666666666666665,0,3,4
1556434320,3.6013333333333333,0.022933333333333333,0,3,4
1556434380,4.325066666666666,0.034666666666666665,0,4,5
1556434440,3.570666666666667,0.034666666666666665,0,3,4
1556434500,7.176266666666667,0.034666666666666665,0,3,4
1556434560,3.587466666666667,0.034666666666666665,0,3,4
1556434620,3.5610666666666666,0.034666666666666665,0,3,4
1556434680,3.7458666666666667,0.034666666666666665,0,4,5
1556434740,3.6210666666666667,0.04973333333333333,0,3,4
1556434800,3.5370666666666666,0.034666666666666665,0,3,4
1556434860,3.6042666666666667,0.034666666666666665,0,3,4
1556434920,3.570666666666667,0.034666666666666665,0,3,4
1556434980,3.712266666666667,0.034666666666666665,0,4,5
1556435040,3.8865333333333334,0.034666666666666665,0,3,4
1556435100,6.8604,0.04586666666666667,0,3,4
1556435160,3.5538666666666665,0.04586666666666667,0,3,4
1556435220,3.587466666666667,0.04586666666666667,0,3,4
1556435280,3.6954666666666665,0.04586666666666667,0,4,5
1556435340,3.5538666666666665,0.06093333333333333,0,3,4
1556435400,3.6282666666666668,0.04586666666666667,0,3,4
1556435460,3.6042666666666667,0.04586666666666667,0,3,4
1556435520,3.6546666666666665,0.04586666666666667,0,3,4
1556435580,3.6690666666666667,0.04586666666666667,0,4,5
1556435640,7.135466666666667,0.04586666666666667,0,3,4
1556435700,3.587466666666667,0.034666666666666665,0,3,4
1556435760,3.5538666666666665,0.034666666666666665,0,3,4
1556435820,3.570666666666667,0.034666666666666665,0,3,4
1556435880,3.712266666666667,0.034666666666666665,0,4,5
1556435940,3.5370666666666666,0.04973333333333333,0,3,4
1556436000,3.587466666666667,0.034666666666666665,0,3,4
1556436060,3.6042666666666667,0.034666666666666665,0,3,4
1556436120,3.587466666666667,0.034666666666666665,0,3,4
1556436180,4.078533333333334,0.034666666666666665,0,4,5
1556436240,6.8268,0.034666666666666665,0,3,4
1556436300,3.570666666666667,0.034666666666666665,0,3,4
1556436360,6.701066666666667,0.048266666666666666,0,3,4
1556436420,3.5946666666666665,0.034666666666666665,0,3,4
1556436480,3.6786666666666665,0.034666666666666665,0,4,5
1556436540,3.6042666666666667,0.04973333333333333,0,3,4
1556436600,3.5778666666666665,0.04586666666666667,0,3,4
1556436660,3.5946666666666665,0.04586666666666667,0,3,4
1556436720,3.5778666666666665,0.04586666666666667,0,3,4
1556436780,3.9945333333333335,0.04586666666666667,0,4,5
1556436840,6.786,0.04586666666666667,0,3,4
1556436900,3.5538666666666665,0.034666666666666665,0,3,4
1556436960,3.5610666666666666,0.034666666666666665,0,3,4
1556437020,3.570666666666667,0.034666666666666665,0,3,4
1556437080,3.7458666666666667,0.034666666666666665,0,4,5
1556437140,3.6042666666666667,0.04973333333333333,0,3,4
1556437200,4.183466666666667,0.034666666666666665,0,3,4
1556437260,3.5778666666666665,0.034666666666666665,0,3,4
1556437320,3.6449333333333334,0.034666666666666665,0,3,4
1556437380,7.5604,0.034666666666666665,0,4,5
1556437440,3.8474666666666666,0.034666666666666665,0,3,4
1556437500,3.5442666666666667,0.04586666666666667,0,3,4
1556437560,3.570666666666667,0.04586666666666667,0,3,4
1556437620,3.570666666666667,0.04586666666666667,0,3,4
1556437680,3.6786666666666665,0.04586666666666667,0,4,5
1556437740,3.570666666666667,0.06093333333333333,0,3,4
1556437800,3.570666666666667,0.034666666666666665,0,3,4
1556437860,3.5442666666666667,0.034666666666666665,0,3,4
1556437920,3.9105333333333334,0.034666666666666665,0,3,4
1556437980,3.9842666666666666,0.048266666666666666,0,4,5
1556438040,9.7188,0.034666666666666665,0,3,4
1556438100,3.587466666666667,0.034666666666666665,0,3,4
1556438160,3.5370666666666666,0.034666666666666665,0,3,4
1556438220,3.5538666666666665,0.034666666666666665,0,3,4
1556438280,3.6858666666666666,0.034666666666666665,0,4,5
1556438340,3.6282666666666668,0.04973333333333333,0,3,4
1556438400,3.5778666666666665,0.04586666666666667,0,3,4
1556438460,3.5610666666666666,0.04586666666666667,0,3,4
1556438520,3.8865333333333334,0.04586666666666667,0,3,4
1556438580,6.9684,0.04586666666666667,0,4,5
1556438640,3.5538666666666665,0.04586666666666667,0,3,4
1556438700,3.6042666666666667,0.034666666666666665,0,3,4
1556438760,3.570666666666667,0.034666666666666665,0,3,4
1556438820,3.587466666666667,0.034666666666666665,0,3,4
1556438880,3.6786666666666665,0.04586666666666667,0,4,5
1556438940,3.570666666666667,0.04973333333333333,0,3,4
1556439000,3.5538666666666665,0.034666666666666665,0,3,4
1556439060,3.594533333333333,0.034666666666666665,0,3,4
1556439120,7.018,0.034666666666666665,0,3,4
1556439180,3.6786666666666665,0.034666666666666665,0,4,5
1556439240,3.5538666666666665,0.034666666666666665,0,3,4
1556439300,3.570666666666667,0.04586666666666667,0,3,4
1556439360,3.5538666666666665,0.04586666666666667,0,3,4
1556439420,3.570666666666667,0.04586666666666667,0,3,4
1556439480,3.6954666666666665,0.05706666666666667,0,4,5
1556439540,3.6042666666666667,0.06093333333333333,0,3,4
1556439600,3.570666666666667,0.04586666666666667,0,3,4
1556439660,6.701733333333333,0.04586666666666667,0,3,4
1556439720,3.9948,0.034666666666666665,0,3,4
1556439780,3.7194666666666665,0.05706666666666667,0,4,5
1556439840,3.5778666666666665,0.04586666666666667,0,3,4
1556439900,3.6210666666666667,0.034666666666666665,0,3,4
1556439960,3.587466666666667,0.034666666666666665,0,3,4
1556440020,3.570666666666667,0.034666666666666665,0,3,4
1556440080,3.6786666666666665,0.034666666666666665,0,4,5
1556440140,3.611466666666667,0.04973333333333333,0,3,4
1556440200,3.9273333333333333,0.034666666666666665,0,3,4
1556440260,6.87,0.04586666666666667,0,3,4
1556440320,3.5538666666666665,0.04586666666666667,0,3,4
1556440380,3.6954666666666665,0.04586666666666667,0,4,5
1556440440,3.6042666666666667,0.04586666666666667,0,3,4
1556440500,3.587466666666667,0.034666666666666665,0,3,4
1556440560,3.5778666666666665,0.034666666666666665,0,3,4
1556440620,3.563466666666667,0.022933333333333333,0,3,4
1556440680,3.6493333333333333,0.034666666666666665,0,4,5
1556440740,3.5538666666666665,0.04973333333333333,0,3,4
1556440800,7.135466666666667,0.034666666666666665,0,3,4
1556440860,3.5538666666666665,0.034666666666666665,0,3,4
1556440920,3.587466666666667,0.034666666666666665,0,3,4
1556440980,3.6954666666666665,0.034666666666666665,0,4,5
1556441040,3.6042666666666667,0.034666666666666665,0,3,4
1556441100,3.5370666666666666,0.034666666666666665,0,3,4
1556441160,3.5370666666666666,0.034666666666666665,0,3,4
1556441220,3.570666666666667,0.034666666666666665,0,3,4
1556441280,3.7290666666666668,0.034666666666666665,0,4,5
1556441340,3.8697333333333335,0.04973333333333333,0,3,4
1556441400,6.8436,0.034666666666666665,0,3,4
1556441460,3.5370666666666666,0.034666666666666665,0,3,4
1556441520,3.5538666666666665,0.034666666666666665,0,3,4
1556441580,3.6618666666666666,0.034666666666666665,0,4,5
1556441640,3.570666666666667,0.034666666666666665,0,3,4
1556441700,3.5442666666666667,0.034666666666666665,0,3,4
1556441760,3.5538666666666665,0.034666666666666665,0,3,4
1556441820,3.5778666666666665,0.034666666666666665,0,3,4
1556441880,3.7478666666666665,0.034666666666666665,0,4,5
1556441940,6.999066666666667,0.04973333333333333,0,3,4
1556442000,3.587466666666667,0.034666666666666665,0,3,4
1556442060,3.5538666666666665,0.04586666666666667,0,3,4
1556442120,3.688266666666667,0.04586666666666667,0,3,4
1556442180,3.7530666666666668,0.04586666666666667,0,4,5
1556442240,3.5946666666666665,0.04586666666666667,0,3,4
1556442300,6.717866666666667,0.05946666666666667,0,3,4
1556442360,3.5778666666666665,0.04586666666666667,0,3,4
1556442420,3.5538666666666665,0.04586666666666667,0,3,4
1556442480,3.6786666666666665,0.04586666666666667,0,4,5
1556442540,6.0473333333333334,0.06093333333333333,0,3,4
1556442600,5.1708,0.034666666666666665,0,3,4
1556442660,3.570666666666667,0.034666666666666665,0,3,4
1556442720,4.233866666666667,0.034666666666666665,0,3,4
1556442780,3.7626666666666666,0.034666666666666665,0,4,5
1556442840,3.5778666666666665,0.034666666666666665,0,3,4
1556442900,3.570666666666667,0.034666666666666665,0,3,4
1556442960,3.5202666666666667,0.034666666666666665,0,3,4
1556443020,3.6042666666666667,0.034666666666666665,0,3,4
1556443080,3.712266666666667,0.034666666666666665,0,4,5
1556443140,7.101866666666667,0.04973333333333333,0,3,4
1556443200,3.587466666666667,0.034666666666666665,0,3,4
1556443260,3.5538666666666665,0.034666666666666665,0,3,4
1556443320,3.6042666666666667,0.034666666666666665,0,3,4
1556443380,3.6954666666666665,0.034666666666666665,0,4,5
1556443440,3.5538666666666665,0.034666666666666665,0,3,4
1556443500,3.570666666666667,0.034666666666666665,0,3,4
1556443560,3.5202666666666667,0.034666666666666665,0,3,4
1556443620,3.5538666666666665,0.04586666666666667,0,3,4
1556443680,4.001733333333333,0.034666666666666665,0,4,5
1556443740,6.8604,0.04973333333333333,0,3,4
1556443800,3.5274666666666668,0.034666666666666665,0,3,4
1556443860,3.5370666666666666,0.034666666666666665,0,3,4
1556443920,3.5778666666666665,0.034666666666666665,0,3,4
1556443980,3.6786666666666665,0.034666666666666665,0,4,5
1556444040,3.570666666666667,0.034666666666666665,0,3,4
1556444100,3.570666666666667,0.034666666666666665,0,3,4
1556444160,3.570666666666667,0.034666666666666665,0,3,4
1556444220,3.5849333333333333,0.034666666666666665,0,3,4
1556444280,7.2028,0.034666666666666665,0,4,5
1556444340,3.5538666666666665,0.04973333333333333,0,3,4
1556444400,3.5370666666666666,0.034666666666666665,0,3,4
1556444460,3.587466666666667,0.034666666666666665,0,3,4
1556444520,3.5610666666666666,0.034666666666666665,0,3,4
1556444580,3.6954666666666665,0.034666666666666665,0,4,5
1556444640,3.611466666666667,0.034666666666666665,0,3,4
1556444700,3.570666666666667,0.034666666666666665,0,3,4
1556444760,3.6042666666666667,0.04586666666666667,0,3,4
1556444820,7.085066666666667,0.04586666666666667,0,3,4
1556444880,3.6954666666666665,0.04586666666666667,0,4,5
1556444940,4.149866666666667,0.06093333333333333,0,3,4
1556445000,3.6042666666666667,0.04586666666666667,0,3,4
1556445060,3.6098666666666666,0.04586666666666667,0,3,4
1556445120,3.5538666666666665,0.04586666666666667,0,3,4
1556445180,3.712266666666667,0.04586666666666667,0,4,5
1556445240,3.6210666666666667,0.04586666666666667,0,3,4
1556445300,3.5610666666666666,0.04586666666666667,0,3,4
1556445360,3.5538666666666665,0.034666666666666665,0,3,4
1556445420,3.8697333333333335,0.04586666666666667,0,3,4
1556445480,6.9276,0.034666666666666665,0,4,5
1556445540,3.5610666666666666,0.06093333333333333,0,3,4
1556445600,3.6210666666666667,0.034666666666666665,0,3,4
1556445660,3.587466666666667,0.04586666666666667,0,3,4
1556445720,3.6042666666666667,0.04586666666666667,0,3,4
1556445780,6.7922666666666665,0.04586666666666667,0,4,5
1556445840,3.5538666666666665,0.04586666666666667,0,3,4
1556445900,3.6210666666666667,0.04586666666666667,0,3,4
1556445960,3.570666666666667,0.034666666666666665,0,3,4
1556446020,4.499333333333333,0.034666666666666665,0,3,4
1556446080,6.978,0.034666666666666665,0,4,5
1556446140,3.570666666666667,0.038533333333333336,0,3,4
1556446200,3.5538666666666665,0.034666666666666665,0,3,4
1556446260,3.6042666666666667,0.04586666666666667,0,3,4
1556446320,3.570666666666667,0.04586666666666667,0,3,4
1556446380,3.7194666666666665,0.04586666666666667,0,4,5
1556446440,3.5778666666666665,0.04586666666666667,0,3,4
1556446500,3.5946666666666665,0.04586666666666667,0,3,4
1556446560,3.5370666666666666,0.034666666666666665,0,3,4
1556446620,3.8865333333333334,0.034666666666666665,0,3,4
1556446680,6.8772,0.034666666666666665,0,4,5
1556446740,3.570666666666667,0.04973333333333333,0,3,4
1556446800,3.6042666666666667,0.034666666666666665,0,3,4
1556446860,3.5370666666666666,0.034666666666666665,0,3,4
1556446920,3.570666666666667,0.034666666666666665,0,3,4
1556446980,3.7290666666666668,0.034666666666666665,0,4,5
1556447040,3.5538666666666665,0.034666666666666665,0,3,4
1556447100,3.5778666666666665,0.034666666666666665,0,3,4
1556447160,3.7657333333333334,0.034666666666666665,0,3,4
1556447220,6.9236,0.034666666666666665,0,3,4
1556447280,3.6858666666666666,0.034666666666666665,0,4,5
1556447340,3.5749333333333335,0.038,0,3,4
1556447400,3.570666666666667,0.034666666666666665,0,3,4
1556447460,4.183466666666667,0.034666666666666665,0,3,4
1556447520,3.570666666666667,0.034666666666666665,0,3,4
1556447580,3.6690666666666667,0.034666666666666665,0,4,5
1556447640,3.6042666666666667,0.034666666666666665,0,3,4
1556447700,3.5538666666666665,0.034666666666666665,0,3,4
1556447760,3.8697333333333335,0.034666666666666665,0,3,4
1556447820,7.3892,0.034666666666666665,0,3,4
1556447880,3.6954666666666665,0.034666666666666665,0,4,5
1556447940,3.5538666666666665,0.04973333333333333,0,3,4
1556448000,3.6042666666666667,0.034666666666666665,0,3,4
1556448060,4.149866666666667,0.04586666666666667,0,3,4
1556448120,3.6042666666666667,0.04586666666666667,0,3,4
1556448180,3.6954666666666665,0.04586666666666667,0,4,5
1556448240,3.5538666666666665,0.04586666666666667,0,3,4
1556448300,3.5610666666666666,0.04586666666666667,0,3,4
1556448360,4.601733333333334,0.034666666666666665,0,3,4
1556448420,6.162,0.034666666666666665,0,3,4
1556448480,3.7290666666666668,0.034666666666666665,0,4,5
1556448540,3.6042666666666667,0.04973333333333333,0,3,4
1556448600,3.587466666666667,0.034666666666666665,0,3,4
1556448660,3.587466666666667,0.034666666666666665,0,3,4
1556448720,3.5442666666666667,0.034666666666666665,0,3,4
1556448780,3.6786666666666665,0.034666666666666665,0,4,5
1556448840,3.5370666666666666,0.034666666666666665,0,3,4
1556448900,4.149866666666667,0.034666666666666665,0,3,4
1556448960,7.085066666666667,0.034666666666666665,0,3,4
1556449020,3.570666666666667,0.034666666666666665,0,3,4
1556449080,3.6786666666666665,0.034666666666666665,0,4,5
1556449140,3.570666666666667,0.04973333333333333,0,3,4
1556449200,3.5538666666666665,0.034666666666666665,0,3,4
1556449260,3.5442666666666667,0.034666666666666665,0,3,4
1556449320,6.717866666666667,0.05946666666666667,0,3,4
1556449380,3.6786666666666665,0.04586666666666667,0,4,5
1556449440,3.5202666666666667,0.034666666666666665,0,3,4
1556449500,3.5274666666666668,0.04586666666666667,0,3,4
1556449560,4.3449333333333335,0.034666666666666665,0,3,4
1556449620,6.9908,0.04586666666666667,0,3,4
1556449680,3.7530666666666668,0.04586666666666667,0,4,5
1556449740,3.5538666666666665,0.06093333333333333,0,3,4
1556449800,3.587466666666667,0.04586666666666667,0,3,4
1556449860,3.587466666666667,0.034666666666666665,0,3,4
1556449920,3.570666666666667,0.034666666666666665,0,3,4
1556449980,3.6618666666666666,0.034666666666666665,0,4,5
1556450040,3.5778666666666665,0.034666666666666665,0,3,4
1556450100,3.5538666666666665,0.034666666666666665,0,3,4
1556450160,3.8529333333333335,0.034666666666666665,0,3,4
1556450220,6.7428,0.034666666666666665,0,3,4
1556450280,3.736266666666667,0.034666666666666665,0,4,5
1556450340,3.570666666666667,0.04973333333333333,0,3,4
1556450400,3.5538666666666665,0.034666666666666665,0,3,4
1556450460,3.5370666666666666,0.034666666666666665,0,3,4
1556450520,3.6282666666666668,0.034666666666666665,0,3,4
1556450580,3.7290666666666668,0.034666666666666665,0,4,5
1556450640,3.5610666666666666,0.034666666666666665,0,3,4
1556450700,3.6281333333333334,0.034666666666666665,0,3,4
1556450760,7.0684,0.034666666666666665,0,3,4
1556450820,3.5538666666666665,0.034666666666666665,0,3,4
1556450880,3.6954666666666665,0.034666666666666665,0,4,5
1556450940,4.149866666666667,0.04973333333333333,0,3,4
1556451000,3.5442666666666667,0.034666666666666665,0,3,4
1556451060,3.5538666666666665,0.034666666666666665,0,3,4
1556451120,3.5946666666666665,0.034666666666666665,0,3,4
1556451180,4.274666666666667,0.034666666666666665,0,4,5
1556451240,3.611466666666667,0.034666666666666665,0,3,4
1556451300,3.5538666666666665,0.034666666666666665,0,3,4
1556451360,3.8529333333333335,0.034666666666666665,0,3,4
1556451420,6.81,0.04586666666666667,0,3,4
1556451480,3.6954666666666665,0.04586666666666667,0,4,5
1556451540,3.5610666666666666,0.06093333333333333,0,3,4
1556451600,3.6042666666666667,0.04586666666666667,0,3,4
1556451660,3.5538666666666665,0.034666666666666665,0,3,4
1556451720,3.570666666666667,0.034666666666666665,0,3,4
1556451780,3.6618666666666666,0.034666666666666665,0,4,5
1556451840,3.5538666666666665,0.034666666666666665,0,3,4
1556451900,3.7225333333333332,0.034666666666666665,0,3,4
1556451960,6.9404,0.034666666666666665,0,3,4
1556452020,3.587466666666667,0.034666666666666665,0,3,4
1556452080,3.712266666666667,0.04586666666666667,0,4,5
1556452140,3.587466666666667,0.06093333333333333,0,3,4
1556452200,3.5610666666666666,0.04586666666666667,0,3,4
1556452260,3.611466666666667,0.04586666666666667,0,3,4
1556452320,3.5610666666666666,0.034666666666666665,0,3,4
1556452380,3.7530666666666668,0.034666666666666665,0,4,5
1556452440,3.570666666666667,0.034666666666666665,0,3,4
1556452500,7.109066666666667,0.034666666666666665,0,3,4
1556452560,3.570666666666667,0.034666666666666665,0,3,4
1556452620,3.570666666666667,0.034666666666666665,0,3,4
1556452680,3.7290666666666668,0.04586666666666667,0,4,5
1556452740,3.611466666666667,0.06093333333333333,0,3,4
1556452800,3.558133333333333,0.034133333333333335,0,3,4
1556452860,3.6378666666666666,0.04586666666666667,0,3,4
1556452920,3.570666666666667,0.034666666666666665,0,3,4
1556452980,3.6954666666666665,0.034666666666666665,0,4,5
1556453040,3.836133333333333,0.034666666666666665,0,3,4
1556453100,6.8756,0.034666666666666665,0,3,4
1556453160,3.5778666666666665,0.034666666666666665,0,3,4
1556453220,3.570666666666667,0.034666666666666665,0,3,4
1556453280,3.6786666666666665,0.034666666666666665,0,4,5
1556453340,3.5370666666666666,0.04973333333333333,0,3,4
1556453400,3.5442666666666667,0.04586666666666667,0,3,4
1556453460,3.5370666666666666,0.034666666666666665,0,3,4
1556453520,3.6282666666666668,0.04586666666666667,0,3,4
1556453580,3.9945333333333335,0.04586666666666667,0,4,5
1556453640,6.834,0.04586666666666667,0,3,4
1556453700,3.570666666666667,0.04586666666666667,0,3,4
1556453760,3.570666666666667,0.04586666666666667,0,3,4
1556453820,3.570666666666667,0.034666666666666665,0,3,4
1556453880,3.7026666666666666,0.034666666666666665,0,4,5
1556453940,3.5538666666666665,0.04973333333333333,0,3,4
1556454000,3.570666666666667,0.034666666666666665,0,3,4
1556454060,3.587466666666667,0.034666666666666665,0,3,4
1556454120,3.6113333333333335,0.034666666666666665,0,3,4
1556454180,7.2004,0.04586666666666667,0,4,5
1556454240,3.5538666666666665,0.034666666666666665,0,3,4
1556454300,3.6210666666666667,0.04586666666666667,0,3,4
1556454360,3.570666666666667,0.04586666666666667,0,3,4
1556454420,3.570666666666667,0.034666666666666665,0,3,4
1556454480,3.6618666666666666,0.034666666666666665,0,4,5
1556454540,3.5778666666666665,0.04973333333333333,0,3,4
1556454600,3.570666666666667,0.034666666666666665,0,3,4
1556454660,3.5538666666666665,0.034666666666666665,0,3,4
1556454720,5.320266666666667,0.034666666666666665,0,3,4
1556454780,5.426666666666667,0.04586666666666667,0,4,5
1556454840,3.5778666666666665,0.04586666666666667,0,3,4
1556454900,3.5538666666666665,0.04586666666666667,0,3,4
1556454960,3.570666666666667,0.04586666666666667,0,3,4
1556455020,3.5538666666666665,0.034666666666666665,0,3,4
1556455080,3.712266666666667,0.034666666666666665,0,4,5
1556455140,3.5370666666666666,0.04973333333333333,0,3,4
1556455200,3.5538666666666665,0.034666666666666665,0,3,4
1556455260,3.8697333333333335,0.034666666666666665,0,3,4
1556455320,6.8196,0.034666666666666665,0,3,4
1556455380,3.6954666666666665,0.034666666666666665,0,4,5
1556455440,3.570666666666667,0.034666666666666665,0,3,4
1556455500,3.587466666666667,0.034666666666666665,0,3,4
1556455560,3.5538666666666665,0.034666666666666665,0,3,4
1556455620,3.570666666666667,0.04586666666666667,0,3,4
1556455680,3.6618666666666666,0.04586666666666667,0,4,5
1556455740,3.587466666666667,0.06093333333333333,0,3,4
1556455800,3.587466666666667,0.04586666666666667,0,3,4
1556455860,3.8865333333333334,0.04586666666666667,0,3,4
1556455920,6.8028,0.034666666666666665,0,3,4
1556455980,3.6786666666666665,0.034666666666666665,0,4,5
1556456040,3.6282666666666668,0.034666666666666665,0,3,4
1556456100,3.5866666666666664,0.0464,0,3,4
1556456160,3.6210666666666667,0.034666666666666665,0,3,4
1556456220,3.5778666666666665,0.034666666666666665,0,3,4
1556456280,3.7290666666666668,0.04586666666666667,0,4,5
1556456340,3.5778666666666665,0.04973333333333333,0,3,4
1556456400,3.5946666666666665,0.034666666666666665,0,3,4
1556456460,7.152266666666667,0.034666666666666665,0,3,4
1556456520,3.5778666666666665,0.04586666666666667,0,3,4
1556456580,3.7290666666666668,0.05706666666666667,0,4,5
1556456640,4.166666666666667,0.04586666666666667,0,3,4
1556456700,3.570666666666667,0.04586666666666667,0,3,4
1556456760,3.5370666666666666,0.04586666666666667,0,3,4
1556456820,3.6042666666666667,0.034666666666666665,0,3,4
1556456880,3.6954666666666665,0.034666666666666665,0,4,5
1556456940,3.570666666666667,0.04973333333333333,0,3,4
1556457000,3.7657333333333334,0.034666666666666665,0,3,4
1556457060,6.9236,0.034666666666666665,0,3,4
1556457120,3.611466666666667,0.034666666666666665,0,3,4
1556457180,3.6858666666666666,0.034666666666666665,0,4,5
1556457240,3.587466666666667,0.034666666666666665,0,3,4
1556457300,3.5538666666666665,0.034666666666666665,0,3,4
1556457360,3.5370666666666666,0.034666666666666665,0,3,4
1556457420,3.587466666666667,0.034666666666666665,0,3,4
1556457480,3.712266666666667,0.05706666666666667,0,4,5
1556457540,3.6042666666666667,0.06093333333333333,0,3,4
1556457600,3.8865333333333334,0.04586666666666667,0,3,4
1556457660,7.406,0.034666666666666665,0,3,4
1556457720,3.5946666666666665,0.04586666666666667,0,3,4
1556457780,3.7458666666666667,0.05706666666666667,0,4,5
1556457840,3.5202666666666667,0.04586666666666667,0,3,4
1556457900,3.5778666666666665,0.04586666666666667,0,3,4
1556457960,3.587466666666667,0.04586666666666667,0,3,4
1556458020,3.6210666666666667,0.034666666666666665,0,3,4
1556458080,3.6786666666666665,0.04586666666666667,0,4,5
1556458140,3.5849333333333333,0.04973333333333333,0,3,4
1556458200,7.0276,0.034666666666666665,0,3,4
1556458260,3.6042666666666667,0.034666666666666665,0,3,4
1556458320,3.587466666666667,0.034666666666666665,0,3,4
1556458380,3.6954666666666665,0.04586666666666667,0,4,5
1556458440,3.5946666666666665,0.04586666666666667,0,3,4
1556458500,3.6210666666666667,0.04586666666666667,0,3,4
1556458560,3.5370666666666666,0.04586666666666667,0,3,4
1556458620,3.5538666666666665,0.034666666666666665,0,3,4
1556458680,3.712266666666667,0.04586666666666667,0,4,5
1556458740,3.8937333333333335,0.06093333333333333,0,3,4
1556458800,6.8028,0.04586666666666667,0,3,4
1556458860,3.5538666666666665,0.04586666666666667,0,3,4
1556458920,3.5538666666666665,0.04586666666666667,0,3,4
1556458980,3.736266666666667,0.04586666666666667,0,4,5
1556459040,3.587466666666667,0.04586666666666667,0,3,4
1556459100,3.587466666666667,0.04586666666666667,0,3,4
1556459160,3.6210666666666667,0.04586666666666667,0,3,4
1556459220,3.587466666666667,0.04586666666666667,0,3,4
1556459280,3.8569333333333335,0.034666666666666665,0,4,5
1556459340,7.4312,1.6570666666666667,0,6,7
1556459400,3.570666666666667,0.034666666666666665,0,3,4
1556459460,3.7786666666666666,0.8004,0,5,6
1556459520,3.5538666666666665,0.034666666666666665,0,3,4
1556459580,3.6786666666666665,0.034666666666666665,0,4,5
1556459640,3.558133333333333,0.022933333333333333,0,3,4
1556459700,3.611466666666667,0.034666666666666665,0,3,4
1556459760,3.611466666666667,0.034666666666666665,0,3,4
1556459820,3.6378666666666666,0.034666666666666665,0,3,4
1556459880,7.260266666666666,0.04586666666666667,0,4,5
1556459940,3.570666666666667,0.04973333333333333,0,3,4
1556460000,3.5538666666666665,0.034666666666666665,0,3,4
1556460060,3.587466666666667,0.034666666666666665,0,3,4
1556460120,3.6042666666666667,0.034666666666666665,0,3,4
1556460180,3.7626666666666666,0.034666666666666665,0,4,5
1556460240,3.587466666666667,0.034666666666666665,0,3,4
1556460300,3.5538666666666665,0.034666666666666665,0,3,4
1556460360,3.6210666666666667,0.034666666666666665,0,3,4
1556460420,7.152266666666667,0.034666666666666665,0,3,4
1556460480,3.712266666666667,0.034666666666666665,0,4,5
1556460540,3.6042666666666667,0.06093333333333333,0,3,4
1556460600,3.5538666666666665,0.04586666666666667,0,3,4
1556460660,3.587466666666667,0.04586666666666667,0,3,4
1556460720,3.5538666666666665,0.04586666666666667,0,3,4
1556460780,3.6786666666666665,0.034666666666666665,0,4,5
1556460840,3.570666666666667,0.034666666666666665,0,3,4
1556460900,3.570666666666667,0.034666666666666665,0,3,4
1556460960,7.118666666666667,0.034666666666666665,0,3,4
1556461020,3.587466666666667,0.034666666666666665,0,3,4
1556461080,3.6954666666666665,0.034666666666666665,0,4,5
1556461140,3.5442666666666667,0.04973333333333333,0,3,4
1556461200,3.5610666666666666,0.034666666666666665,0,3,4
1556461260,3.5370666666666666,0.034666666666666665,0,3,4
1556461320,3.570666666666667,0.034666666666666665,0,3,4
1556461380,3.712266666666667,0.034666666666666665,0,4,5
1556461440,3.570666666666667,0.034666666666666665,0,3,4
1556461500,5.524133333333333,0.034666666666666665,0,3,4
1556461560,5.8356,0.034666666666666665,0,3,4
1556461620,3.611466666666667,0.034666666666666665,0,3,4
1556461680,3.6786666666666665,0.034666666666666665,0,4,5
1556461740,3.5538666666666665,0.04973333333333333,0,3,4
1556461800,3.5538666666666665,0.034666666666666665,0,3,4
1556461860,3.5538666666666665,0.04586666666666667,0,3,4
1556461920,3.6042666666666667,0.034666666666666665,0,3,4
1556461980,3.7026666666666666,0.034666666666666665,0,4,5
1556462040,3.7657333333333334,0.034666666666666665,0,3,4
1556462100,6.9404,0.034666666666666665,0,3,4
1556462160,3.5610666666666666,0.034666666666666665,0,3,4
1556462220,3.5946666666666665,0.034666666666666665,0,3,4
1556462280,3.6786666666666665,0.034666666666666665,0,4,5
1556462340,3.570666666666667,0.04973333333333333,0,3,4
1556462400,3.570666666666667,0.034666666666666665,0,3,4
1556462460,3.5538666666666665,0.034666666666666665,0,3,4
1556462520,3.5370666666666666,0.034666666666666665,0,3,4
1556462580,3.6786666666666665,0.034666666666666665,0,4,5
1556462640,3.8529333333333335,0.04586666666666667,0,3,4
1556462700,6.7524,0.04586666666666667,0,3,4
1556462760,3.5778666666666665,0.04586666666666667,0,3,4
1556462820,3.5538666666666665,0.04586666666666667,0,3,4
1556462880,3.6858666666666666,0.04586666666666667,0,4,5
1556462940,3.5778666666666665,0.06093333333333333,0,3,4
1556463000,3.6210666666666667,0.04586666666666667,0,3,4
1556463060,3.5538666666666665,0.04586666666666667,0,3,4
1556463120,3.611466666666667,0.04586666666666667,0,3,4
1556463180,3.993733333333333,0.0464,0,4,5
1556463240,6.7932,0.034666666666666665,0,3,4
1556463300,3.570666666666667,0.034666666666666665,0,3,4
1556463360,3.5370666666666666,0.034666666666666665,0,3,4
1556463420,3.5946666666666665,0.034666666666666665,0,3,4
1556463480,3.7026666666666666,0.034666666666666665,0,4,5
1556463540,3.5538666666666665,0.04973333333333333,0,3,4
1556463600,3.6282666666666668,0.034666666666666665,0,3,4
1556463660,3.6210666666666667,0.034666666666666665,0,3,4
1556463720,3.618533333333333,0.034666666666666665,0,3,4
1556463780,7.2532,0.034666666666666665,0,4,5
1556463840,3.5538666666666665,0.034666666666666665,0,3,4
1556463900,3.5442666666666667,0.034666666666666665,0,3,4
1556463960,3.5538666666666665,0.034666666666666665,0,3,4
1556464020,3.570666666666667,0.034666666666666665,0,3,4
1556464080,3.6954666666666665,0.034666666666666665,0,4,5
1556464140,3.5370666666666666,0.04973333333333333,0,3,4
1556464200,3.5370666666666666,0.034666666666666665,0,3,4
1556464260,3.5778666666666665,0.034666666666666665,0,3,4
1556464320,3.6817333333333333,0.034666666666666665,0,3,4
1556464380,7.0316,0.034666666666666665,0,4,5
1556464440,3.5946666666666665,0.034666666666666665,0,3,4
1556464500,3.6042666666666667,0.034666666666666665,0,3,4
1556464560,4.157066666666666,0.034666666666666665,0,3,4
1556464620,3.5946666666666665,0.034666666666666665,0,3,4
1556464680,3.7290666666666668,0.04586666666666667,0,4,5
1556464740,3.6042666666666667,0.04973333333333333,0,3,4
1556464800,3.5274666666666668,0.04586666666666667,0,3,4
1556464860,3.587466666666667,0.034666666666666665,0,3,4
1556464920,3.860133333333333,0.04586666666666667,0,3,4
1556464980,6.9684,0.034666666666666665,0,4,5
1556465040,3.6042666666666667,0.034666666666666665,0,3,4
1556465100,3.5370666666666666,0.034666666666666665,0,3,4
1556465160,3.611466666666667,0.034666666666666665,0,3,4
1556465220,3.5538666666666665,0.034666666666666665,0,3,4
1556465280,3.7290666666666668,0.034666666666666665,0,4,5
1556465340,3.611466666666667,0.04973333333333333,0,3,4
1556465400,3.570666666666667,0.04586666666666667,0,3,4
1556465460,3.7321333333333335,0.04586666666666667,0,3,4
1556465520,6.9908,0.04586666666666667,0,3,4
1556465580,3.736266666666667,0.05706666666666667,0,4,5
1556465640,3.5442666666666667,0.04586666666666667,0,3,4
1556465700,3.5610666666666666,0.04586666666666667,0,3,4
1556465760,3.6042666666666667,0.04586666666666667,0,3,4
1556465820,3.5802666666666667,0.04586666666666667,0,3,4
1556465880,3.6733333333333333,0.04533333333333334,0,4,5
1556465940,3.570666666666667,0.06093333333333333,0,3,4
1556466000,3.611466666666667,0.04586666666666667,0,3,4
1556466060,7.101866666666667,0.04586666666666667,0,3,4
1556466120,3.5370666666666666,0.04586666666666667,0,3,4
1556466180,6.842666666666666,0.05946666666666667,0,4,5
1556466240,3.570666666666667,0.034666666666666665,0,3,4
1556466300,3.6042666666666667,0.034666666666666665,0,3,4
1556466360,3.587466666666667,0.034666666666666665,0,3,4
1556466420,3.5538666666666665,0.034666666666666665,0,3,4
1556466480,3.7290666666666668,0.034666666666666665,0,4,5
1556466540,3.5778666666666665,0.04973333333333333,0,3,4
1556466600,3.6210666666666667,0.034666666666666665,0,3,4
1556466660,3.860133333333333,0.034666666666666665,0,3,4
1556466720,6.81,0.034666666666666665,0,3,4
1556466780,3.712266666666667,0.034666666666666665,0,4,5
1556466840,3.570666666666667,0.034666666666666665,0,3,4
1556466900,3.6042666666666667,0.04586666666666667,0,3,4
1556466960,3.5946666666666665,0.04586666666666667,0,3,4
1556467020,3.611466666666667,0.04586666666666667,0,3,4
1556467080,3.7458666666666667,0.04586666666666667,0,4,5
1556467140,3.6042666666666667,0.06093333333333333,0,3,4